김지은,김현경
김지은,김소영
김지은,윤경희
김지은,방정환
김지은,박이대승
김지은,박기범
김지은,이경혜
김지은,이소완
김지은,공진하
김지은,장주식
김지은,최나미
김지은,유은실
김지은,김지은
김지은,김양미
김지은,조혜란
김지은,조혜란
김지은,조혜란
김지은,안녕달
김지은,안녕달
김지은,안녕달
김지은,이지은
김지은,서현
김지은,이명애
김지은,오소리
김지은,권정민
김지은,권정민
김지은,사이다
김지은,고정순
김지은,전미화
김지은,정진호
김지은,이수지
김지은,이수지
김지은,이수지
김지은,김응
김지은,김개미
김지은,정유경
김지은,김유진
김지은,김혜온
김지은,이종산
김지은,유은실
김지은,유은실
김지은,유은실
김지은,유은실
김지은,이현
김지은,김다노
김지은,이금이
김지은,류재향
김지은,강인송
김지은,루리
김지은,조우리
김지은,은소흘
김지은,어맨다 레덕
김지은,이반디
김제곤,오혜진
김제곤,마리아 니콜라예바
김제곤,가네코 미스즈
김제곤,가네코 미스즈
김제곤,가네코 미스즈
김제곤,김수영
김제곤,김수영
김제곤,미하일 바흐친
김제곤,김수영
김제곤,오제연
김제곤,권보드래
김제곤,천정환
김제곤,김기전
김제곤,이순영
김제곤,류이근
김제곤,임지선
김제곤,김민정
김제곤,이수명
김제곤,남지은
김제곤,김준현
김제곤,김준현
김제곤,이유진
김제곤,함기석
김젬마,남유하
김젬마,윤영주
김젬마,앤 마리 발사모
김젬마,정재은
김젬마,김초엽
김젬마,김원영
김젬마,남유하
김젬마,정재은
김젬마,전수경
김젬마,최유미
이충일,김중미
이충일,박기범
이충일,임정자
이충일,김진경
이충일,원종찬
이충일,김중미
이충일,김중미
이충일,조세희
이충일,이정숙
이충일,김중미
이충일,김중미
이충일,김만권
이충일,김중미
이충일,김중미
이충일,김중미
이충일,김중미
이충일,김중미
이충일,김중미
이충일,신형철
이충일,김수영
이충일,백영경
이퐁,이나영
이퐁,변선아
이퐁,탁경은
이퐁,신현이
이퐁,신현이
이퐁,신현이
이퐁,위해준
이퐁,최상희
이퐁,리베카 솔닛
이퐁,주미경
이퐁,주미경
이퐁,주미경
이퐁,이현아
이퐁,현호정
이퐁,전성현
이퐁,김태호
이퐁,일요
이퐁,신현
이퐁,보린
이퐁,듀나
이퐁,듀나
신수진,육월식
신수진,김지영
신수진,키티 오메라
신수진,스테파노 디 크리스토파로
신수진,폴 페레다
신수진,다비드 칼리
신수진,클라우디아 팔마루치
신수진,이지현
신수진,김민기
신수진,정진호
신수진,비올렌 르루아
신수진,프랑수아 플라스
신수진,이명애
신수진,하수정
신수진,권정민
신수진,경혜원
신수진,서현
신수진,서현
신수진,이지은
신수진,숀 탠
신수진,이기훈
신수진,홍선주
신수진,고정순
김준현,문현식
김준현,문현식
김준현,문현식
김준현,김개미
김준현,송선미
김준현,임복순
김준현,임수현
김준현,정유경
김준현,김유진
김준현,박혜선
김준현,권오삼
김준현,이상교
김준현,장동이
김준현,김경진
김준현,이장근
김준현,유강희
김준현,유강희
김준현,유강희
김준현,김성민
김준현,김성민
김준현,나비연
김준현,이묘신
김준현,장진화
김준현,박성우
김준현,박성우
박숙경,루리
박숙경,김해원
박숙경,지안
박숙경,김중미
박숙경,유은실
박숙경,레프 톨스토이
박숙경,김려령
박숙경,공지희
박숙경,김중미
박숙경,레프 톨스토이
박숙경,윤영주
박숙경,전삼혜
박숙경,이재문
박숙경,강인송
박숙경,신현
박숙경,우진숙
박숙경,이희영
박숙경,이희영
박숙경,최상희
박숙경,현호정
박숙경,이소풍
성유경,태 캘러
성유경,김환희
성유경,그레이시 김
성유경,이윤하
성유경,캣 조
성유경,캣 조
성유경,Michael Tunnell
성유경,Pierre Bourdieu
성유경,허 준
성유경,마리아 니콜라예바
성유경,김지은
성유경,엑시 오
이하나,리베카 솔닛
이하나,알랭 바디우
이하나,헨리 나우웬
이하나,마사 누스바움
이하나,김민경
이하나,백온유
이하나,김해원
이하나,발터 벤야민
이하나,알랭 바디우
이하나,프리모 레비
이하나,허먼 멜빌
신수진,허아성
신수진,허아성
신수진,브라이언 플로카
신수진,구돌
신수진,해랑
신수진,김경신
신수진,최민지
신수진,루시드 폴
신수진,김동수
신수진,김동수
신수진,김동수
신수진,이기훈
신수진,이기훈
신수진,이기훈
신수진,이기훈
신수진,이예숙
신수진,에두아르다 리마
신수진,고정순
신수진,김지연
신수진,권윤덕
신수진,최혜진
신수진,발터 벤야민
조태봉,카렐 차페크
조태봉,박인찬
조태봉,도나 해러웨이
조태봉,한스 모라벡
조태봉,아이작 아시모프
조태봉,서진
조태봉,박미정
조태봉,박상준
조태봉,박용기
조태봉,정소금
조태봉,이경화
조태봉,박현경
조태봉,아이작 아시모프
조태봉,김성진
조태봉,김리라
조태봉,정재은
조태봉,윤영주
성유경,성유경
성유경,안나
성유경,최숙녈
성유경,에드나 코 버코우
성유경,신선영
성유경,최양숙
성유경,제시카 김
성유경,데이비드 윤
성유경,이고르 메이버
성유경,엑시 오
성유경,린다 수 박
성유경,엘런 오
성유경,성유경
성유경,줄리 리
성유경,패티 김
박숙경,김기정
박숙경,김기정
박숙경,김기정
박숙경,김혜정
박숙경,홍민정
박숙경,보린
박숙경,손원평
박숙경,허교범
박숙경,허교범
박숙경,김옥
박숙경,탁동철
박숙경,나카가와 리에코
박숙경,아카바 수에키
박숙경,김려령
우지현,박영란
우지현,박영란
우지현,박영란
우지현,송제숙
우지현,엄기호
우지현,엄기호
우지현,정희진
우지현,린다 맥도웰
우지현,다이애나 그린 포스터
우지현,필리스 체슬러
강수환,움베르토 에코
강수환,박숙경
강수환,김진경
강수환,이지호
강수환,사라 린키스
강수환,로저 해기돈
강수환,김혜정
강수환,김혜정
강수환,허교범
강수환,허교범
강수환,짐 콜린스
강수환,최도은
강수환,방정환
강수환,염희경
강수환,보린
강수환,오쓰카 에이지
강수환,아즈마 히로키
강수환,김지은
강수환,길상효
유영진,김진경
유영진,김리리
유영진,김리리
유영진,한정기
유영진,이현
유영진,송언
유영진,송언
유영진,김남중
유영진,허교범
유영진,임은하
유영진,김혜정
유영진,보린
유영진,김리리
유영진,조성자
유영진,천효정
유영진,박현숙
유영진,이현
유영진,홍민정
유영진,손원평
유영진,허교범
유영진,이현
유영진,홍민정
유영진,김남중
유영진,이반디
유영진,천효정
한미화,비벌리 클리어리
한미화,엘윈 브룩스 화이트
한미화,메리 폽 어즈번
한미화,유대영
한미화,안나 피엔버그
한미화,비벌리 클리어리
한미화,김진경
한미화,김리리
한미화,김리리
한미화,홍민정
한미화,김하연
한미화,주디 블룸
한미화,허교범
한미화,김유
한미화,송미경
한미화,김유
한미화,송미경
한미화,유은실
한미화,유은실
한미화,유은실
한미화,김리리
한미화,히로시마 레이코
한미화,제로니모 스틸턴
한미화,비벌리 클리어리
한미화,J. K. 롤링
한미화,비벌리 클리어리
김준현,김보라
김준현,김남극
김준현,김준현
김준현,박성우
김준현,임수현
김준현,임수현
김준현,김학중
김준현,이장근
김준현,남호섭
김준현,남호섭
김준현,배수연
김준현,배수연
김준현,배수연
이하나,시몬 베유
이하나,진은영
이하나,자크 랑시에르
이하나,최영희
이하나,듀나
이하나,최영희
이하나,최상희
이하나,천선란
이하나,엘렌 식수
이하나,카트린 클레망
이하나,가야트리 스피박
이하나,이현재
이하나,리베카 솔닛
이하나,마가렛 애트우드
이하나,인아영
김유진,이동은
김유진,정이용
김유진,이동은
김유진,정이용
김유진,이동은
김유진,정이용
김유진,이동은
김유진,정이용
양근애,이경미
양근애,배소현
양근애,황나영
양근애,이오진
양근애,도은
양근애,파울 크뤼천
양근애,브뤼노 라투르
양근애,이남주
양근애,박찬규
양근애,김연재
양근애,이소연
양근애,주영태
양근애,피터 싱어
양근애,구지수
양근애,고은경
양근애,정진새
양근애,구자혜
김젬마,유은실
김젬마,백온유
전혜진,전삼혜
전혜진,전삼혜
전혜진,엘리자베스 문
전혜진,정소연
전혜진,테드 창
전혜진,김보영
전혜진,전삼혜
전혜진,전삼혜
오세란,로지 브라이도티
오세란,브라이언 마수미
오세란,가라타니 고진
오세란,오세란
오세란,김이연
오세란,장미
오세란,이희영
오세란,진형민
오세란,오세란
오세란,김한아
오세란,한스 블루멘베르크
오세란,캐서린 본드 스톡턴
오세란,김경태
오세란,송경아
오세란,박서련
오세란,최진영
오세란,조우리
오세란,최진영
오세란,이종산
오세란,이종산
오세란,이필원
오세란,전삼혜
오세란,전삼혜
오세란,김한아
강수환,카를 마르크스
강수환,에드거 앨런 포
강수환,진형민
강수환,자크 라캉
강수환,크리스토퍼 파크스
강수환,진형민
강수환,강수환
강수환,김해원
강수환,이진
안오일,박성우
박숙경,김태호
박숙경,김태호
박숙경,김태호
박숙경,가브리엘 뱅상
박숙경,김태호
박숙경,이원수
박숙경,김태호
박숙경,허먼 멜빌
박숙경,김태호
박숙경,권정생
이충일,김해원
이충일,김해원
이충일,김해원
이충일,김해원
이충일,김해원
이충일,김해원
이충일,강준만
이충일,김려령
이충일,박지리
이충일,김선희
이충일,오채
이충일,손현주
이충일,김려령
이충일,은이정
이충일,이옥수
이충일,박지리
이충일,김중미
유하정,이상교
유하정,이상교
유하정,이상교
유하정,이상교
유하정,가스통 바슐라르
유하정,가스통 바슐라르
유하정,홍명희
유하정,이상교
유하정,이상교
유하정,이상교
유하정,질베르 뒤랑
유하정,이상교
김제곤,성명진
김제곤,김유진
김제곤,정경운
김제곤,성명진
김제곤,성명진
김제곤,성명진
김제곤,성명진
김제곤,성명진
김제곤,이안
김제곤,성명진
김제곤,성명진
김제곤,성명진
김제곤,성명진
김제곤,성명진
김제곤,성명진
김제곤,이충일
김제곤,신형철
김제곤,신형철
김제곤,남호섭
김제곤,이안
김제곤,성명진
김제곤,이안
김윤,한낙원
김윤,김이구
김윤,한낙원
김윤,문윤성
김윤,복거일
김윤,한낙원
김윤,김이구
김윤,최애순
김윤,한낙원
김윤,한낙원
김윤,한낙원
김윤,장수경
김윤,한낙원
김윤,김이구
김윤,장수경
김윤,위수지
이재복,도나 해러웨이
이재복,테드 창
이재복,캐서린 헤일스
이재복,이재복
이재복,한스 모라벡
이재복,켄 리우
이재복,켄 리우
이재복,가즈오 이시구로
이미정,공수경
이미정,김미숙
이미정,조반니 보카치오
이미정,알베르 카뮈
이미정,공수경
이미정,김명선
이미정,김정미
이미정,서화교
이미정,이선주
이미정,니컬러스 A. 크리스타키스
이미정,조르조 아감벤
이미정,존 던
우지현,어맨다 레덕
우지현,김현경
우지현,박수진
우지현,정재은
우지현,김태호
우지현,일라이 클레어
우지현,김도현
우지현,박수진
우지현,박수진
우지현,박수진
우지현,박수진
우지현,김초엽
우지현,김원영
우지현,정재은
서정오,유은실
서정오,김우경
서정오,윤기현
서정오,윤기현
서정오,윤기현
서정오,윤기현
서정오,유은실
서정오,이병승
서정오,정성희
서정오,한윤섭
서정오,천효정
서정오,한미경
서정오,장세현
서정오,김미혜
서정오,박혜숙
서정오,조정현
서정오,호원희
서정오,이장원
서정오,이현아
서정오,안보라
서정오,임어진
최배은,강진호
최배은,박진
최배은,모니카 페트
최배은,이금이
최배은,이금이
최배은,이금이
최배은,이금이
조성순,류재수
조성순,조성순
조성순,정병규
조성순,루리
조성순,윤여림
조성순,이명하
조성순,서선정
조성순,김선남
조성순,기형도
조성순,권윤덕
조성순,조영지
조성순,소복이
조성순,해랑
조성순,이수지
조성순,이수지
조성순,이기훈
조성순,마리아 리콜라예바
조성순,고정순
조성순,고정순
조성순,고정순
조성순,고정순
김재복,김륭
김재복,이안
김재복,이안
김재복,이안
김재복,이안
김재복,이안
김재복,이안
김재복,이안
김재복,이안
김재복,이안
김재복,어슐러 르 귄
김재복,요한 하위징아
고호관 ,필립 K. 딕
고호관 ,프레데릭 폴
고호관 ,아서 C. 클라크
고호관 ,박경리
고호관 ,그렉 이건
고호관 ,테드 창
백하나,조애나 러스
백하나,고호관
백하나,퀑탱 메이야수
백하나,대중문학연구회
백하나,휴고 건스백
백하나,다코 수빈
백하나,셰릴 빈트
백하나,윌리엄 깁슨
백하나,로버트 A. 하인라인
백하나,데이비드 흄
백하나,유발 하라리
백하나,임종기
백하나,페리 노들먼
백하나,로지 브라이도티
백하나,어슐러 르 귄
백하나,릴리언 H. 스미드
이퐁,에밀리 미드키프
이퐁,이슈트반 치체리-로나이 주니어
이퐁,어슐러 르 귄
이퐁,O. T. 넬슨
이퐁,틸리 월든
이퐁,데이비드 에드먼즈
이퐁,아스피시아
이퐁,마리 파블렌코
이퐁,필립 리브
이퐁,질 페이턴 월시
정재은,이퐁
정재은,알라딘
정재은,교보문고
정재은,아마존
정재은,에밀리 미드키프
정재은,김이구
정재은,김이구
김준현,김복희
김준현,고명재
김준현,윤동주
김준현,송선미
김준현,정유경
김준현,한은선
김준현,송찬호
김준현,김미희
김준현,황남선
김준현,엠마뉘엘 레비나스
김준현,박소이
김재복,장동이
김재복,장동이
김재복,장동이
김재복,장동이
김재복,장동이
이소현,권오삼
이소현,권오삼
이소현,권오삼
이소현,권오삼
이소현,권오삼
이소현,권오삼
이소현,권오삼
이소현,권오삼
이소현,권오삼
이소현,권오삼
이유진,차영아
이유진,김개미
이유진,임복순
이유진,송선미
이유진,송선미
이유진,정유경
이유진,정유경
이유진,임복순
이유진,정유경
이유진,김개미
이유진,임수현
이유진,김개미
이유진,임수현
이유진,임복순
이유진,송선미
이유진,임수현
이유진,송선미
이유진,임수현
이유진,임수현
이유진,임복순
이유진,김개미
이유진,임수현
이유진,정유경
이유진,송선미
이소현,조정인
이소현,조정인
이소현,조정인
이소현,조정인
이소현,조정인
이소현,조정인
이소현,조정인
이소현,조정인
이소현,조정인
조인정,김개미
조인정,김개미
조인정,김개미
조인정,김개미
조인정,김개미
조인정,김개미
조인정,김개미
유영진,김륭
유영진,김진경
유영진,김은영
유영진,김개미
유영진,김륭
이소현,유강희
이소현,유강희
이소현,유강희
이소현,유강희
이소현,유강희
이소현,유강희
이소현,유강희
이소현,유강희
이소현,유강희
이소현,유강희
이소현,유강희
이소현,유강희
이유진,우미옥
이유진,우미옥
이유진,우미옥
이유진,우미옥
이유진,우미옥
이유진,우미옥
이유진,우미옥
이유진,우미옥
이유진,우미옥
이유진,우미옥
이유진,우미옥
김륭,송선미
김륭,송선미
김륭,안도현
김륭,이안
김륭,안도현
김륭,C. S. 루이스
김륭,김성진
김륭,최승호
김륭,최승호
김륭,최휘
김륭,홍일표
김륭,휘민
김륭,앤 카슨
김봄희,현택훈
김봄희,현택훈
김봄희,현택훈
김봄희,현택훈
김봄희,현택훈
김봄희,현택훈
김봄희,현택훈
안지현,강연미
안지현,권선희
안지현,김명순
안지현,김효진
안지현,우경숙
안지현,유선민
안지현,윤미경
안지현,이정희
안지현,이혜림
안지현,한우정
안지현,황세원
최휘,추수진
최휘,추수진
최휘,추수진
최휘,추수진
최휘,추수진
김준현,백석
김준현,안톤 체호프
김준현,백석
김준현,방지민
김준현,에르베 튈레
김준현,현택훈
김준현,김희정
김준현,김봄희
김준현,임복순
김준현,이안
김준현,김제곤
김준현,김성진
김윤희,김준현
김윤희,김준현
김윤희,김준현
김윤희,김준현
김윤희,김준현
김윤희,김준현
김윤희,김준현
김윤희,김준현
김윤희,김준현
안지현,이안
안지현,이안
안지현,이안
안지현,이안
안지현,이안
안지현,이안
안지현,이안
안지현,이안
안지현,이안
안지현,이안
안지현,이안
안지현,이안
김재복,김제곤
김재복,손진태
김재복,정지용
김재복,윤동주
김재복,윤석중
김재복,이원수
김재복,권태응
김재복,김제곤
김제곤,최남선
김제곤,최남선
김제곤,방정환
김제곤,나리타 타메조
김제곤,방정환
김제곤,송완순
김제곤,송완순
송선미,최승호
송선미,변은경
송선미,변은경
송선미,임지나
송선미,신민규
송선미,론 마라스코
송선미,브라이언 셔프
송선미,빅터 터너
송선미,최휘
송선미,최휘
송선미,정낙림
송선미,박송이
송선미,김소월
송선미,정끝별
송선미,박재삼
송선미,유종호
송선미,리베카 솔닛
송선미,정유경
송선미,박정완
김태호,김완기
김태호,김완기
김태호,김완기
김태호,김완기
김태호,김완기
김태호,김완기
김태호,김완기
김태호,김완기
김태호,김완기
김경흠,윤운강
김경흠,오세영
김경흠,윤운강
김경흠,윤운강
김경흠,윤운강
김경흠,윤운강
김경흠,윤운강
김경흠,윤운강
김경흠,윤운강
김경흠,윤운강
김경흠,윤운강
김경흠,윤운강
서혜원,최상희
서혜원,박숙경
서혜원,원종찬
마성은,가오위
마성은,김기주
마성은,이상호
마성은,이성환
마성은,이형성
마성은,최영성
마성은,우경섭
마성은,마성은
마성은,정옥자
마성은,김도균
마성은,손낙구
마성은,이규희
마성은,봉준호
마성은,마강래
마성은,이한주
마성은,김을식
마성은,남기업
마성은,전강수
마성은,강남훈
마성은,이진수
마성은,윤숙희
마성은,강남훈
마성은,박정훈
마성은,박정훈
마성은,지안
마성은,빅토르 위고
마성은,강환욱
마성은,한인정
마성은,방정환
박치범,린 헌트
박치범,브루노 베텔하임
박치범,지안
이정석,류근원
이정석,유경환
이정석,류근원
이정석,이상배
이정석,류근원
이정석,류근원
이정석,류근원
이정석,류근원
이정석,류근원
이정석,류근원
이정석,류근원
이정석,한상훈
이정석,김주환
이정석,임선미
이정석,박지연
심후섭,박인술
심후섭,박인술
심후섭,박인술
심후섭,박인술
심후섭,박인술
심후섭,박인술
김종헌,구옥순
김종헌,구옥순
김종헌,구옥순
김종헌,구옥순
김종헌,구옥순
김종헌,구옥순
강동희,미셸 우엘벡
강동희,남유하
강동희,남유하
강동희,남유하
강동희,남유하
강동희,남유하
강동희,마크 피셔
강동희,최진석
김영관,경종호
김영관,김정희
김영관,성명진
김영관,신새별
김영관,이정석
김영관,이경모
김영관,김순란
김영관,조영아
김영관,권오삼
김영관,김하늘
김영관,박경임
노혜진,전다연
노혜진,홍영숙
노혜진,원유순
노혜진,이금안
노혜진,이혜령
노혜진,김자현
노혜진,이숙현
권혜경,존 버닝햄
권혜경,존 버닝햄
권혜경,모리스 센닥
권혜경,데이비드 맥키
권혜경,박연철
권혜경,엄혜원
권혜경,백희나
권혜경,백희나
권혜경,데이비드 맥키
안수연,이미예
안수연,이미예
안수연,그랙 맥커운
김동혁,히가시노 게이고
김동혁,권택영
권애영,차오원쉬엔
권애영,김봉연
권애영,박남용
권애영,한글
권애영,권기영
권애영,두밍계
권애영,왕빙옌
권애영,차오원쉬엔
권애영,차오원쉬엔
권애영,차오원쉬엔
권애영,송연옥
김종헌,하청호
김종헌,박경용
김종헌,박경용
김종헌,이오덕
김종헌,하청호
김종헌,김용민
김종헌,하청호
김종헌,하청호
김종헌,하청호
박상재,이준범
박상재,이준범
박상재,이준범
박상재,이준범
박상재,이준범
박상재,이준범
박상재,이준범
박상재,이준범
박상재,이준범
박상재,이준범
박상재,이준범
박상재,이철환
박상재,박종순
박상재,황선열
김동혁,노영희
김동혁,노영희
김동혁,노자
김동혁,노영희
김동혁,노영희
이정석,김진광
이정석,김진광
이정석,김진광
이정석,김진광
이정석,김진광
이정석,김진광
이정석,김진광
이상배,이영
이상배,이영
이상배,이영
이상배,이영
이상배,이영
김영관,김선일
김영관,서순옥
김영관,조윤주
김영관,박선미
김영관,양재홍
김영관,이준식
김영관,이창건
김영관,조두현
김영관,고영미
김영관,신현배
김영관,아리스토텔레스
김영관,공자
서혜원,길상효
서혜원,장수민
서혜원,최민혜
서혜원,김태호
서혜원,안보라
서혜원,선안나
서혜원,김현경
김명순,조남주
김명순,조남주
박종진,방정환
박종진,방정환
박종진,방정환
박종진,방정환
박종진,방정환
박종진,방정환
김경희,방정환
김경희,오천원
김경희,방정환
김경희,방정환
김경희,방정환
김경희,방정환
김경희,방정환
김경희,방정환
김경희,방정환
김경희,방정환
김경희,김기전
김경희,김인득
김경희,강소천
김경희,김태오
최지훈,이영호
최지훈,이재철
최지훈,이영호
최지훈,이원수
최지훈,이영호
최지훈,이영호
최지훈,이영호
최지훈,이영호
최지훈,이영호
최지훈,이영호
최지훈,이영호
최지훈,이영호
박종순,임신행
박종순,박종순
박종순,임신행
박종순,임신행
박종순,임신행
박종순,임신행
김태호,조영수
김태호,조영수
김태호,조영수
김태호,조영수
김태호,조영수
김태호,조영수
김태호,조영수
김영관,권영세
김영관,김영관
김영관,서담
김영관,김현숙
김영관,문근영
김영관,연지민
김영관,강정규
김영관,공재동
김영관,김해연
김영관,차경아
서혜원,김종옥
서혜원,김경희
서혜원,문선희
서혜원,공진하
서혜원,김우주
서혜원,김태호
방은수,전진성
방은수,문영숙
방은수,신현수
방은수,심진규
방은수,오세란
김옥선,이경순
김옥선,이경순
김옥선,이경순
김옥선,이경순
김옥선,이경순
김옥선,이경순
김영관,김미영
김영관,이봉직
김영관,권지영
김영관,김현주
김영관,이준식
김영관,최진
김영관,김미혜
김영관,장순엽
김영관,권영상
서혜원,김하은
서혜원,나영
서혜원,이영두
서혜원,공지희
서혜원,신경혜
서혜원,이반디
서혜원,브뤼노 라투르
심향분,이수지
심향분,이수지
심향분,이수지
심향분,이수지
심향분,이수지
심향분,이수지
